kabupaten_kota,tahun,bulan,curah_hujan_mm,suhu_c,kelembapan
Jakarta Pusat,2021,1,453.7,25.85,86.97
Jakarta Pusat,2021,2,376.9,25.92,87.86
Jakarta Pusat,2021,3,193.8,26.66,84.84
Jakarta Pusat,2021,4,112.6,26.87,84.53
Jakarta Pusat,2021,5,159.8,27.35,84.16
Jakarta Pusat,2021,6,152.5,26.62,85.93
Jakarta Pusat,2021,7,43.3,26.87,80.13
Jakarta Pusat,2021,8,115.5,27.06,79.71
Jakarta Pusat,2021,9,163.5,27.13,81.1
Jakarta Pusat,2021,10,136.2,27.2,81.32
Jakarta Pusat,2021,11,241,26.72,82.73
Jakarta Pusat,2021,12,259.8,26.55,84.42
Jakarta Pusat,2022,1,257.1,26.38,84.06
Jakarta Pusat,2022,2,191.7,26.37,83.68
Jakarta Pusat,2022,3,247.9,26.81,83.55
Jakarta Pusat,2022,4,180.4,26.93,83.6
Jakarta Pusat,2022,5,147.1,26.97,85.03
Jakarta Pusat,2022,6,186,26.18,85.73
Jakarta Pusat,2022,7,128.2,26.78,82.1
Jakarta Pusat,2022,8,128.7,26.58,81.9
Jakarta Pusat,2022,9,156.9,26.6,82.17
Jakarta Pusat,2022,10,287,26.38,84.68
Jakarta Pusat,2022,11,199.9,26.53,83.73
Jakarta Pusat,2022,12,249.6,26.3,84.42
Jakarta Pusat,2023,1,194.5,26.32,82.65
Jakarta Pusat,2023,2,347,25.78,85.57
Jakarta Pusat,2023,3,237.1,26.16,85.94
Jakarta Pusat,2023,4,160.4,27.14,81.57
Jakarta Pusat,2023,5,128.6,27.45,82.58
Jakarta Pusat,2023,6,140.8,27.08,82.33
Jakarta Pusat,2023,7,66.2,27.09,76.52
Jakarta Pusat,2023,8,19.3,27.34,73.65
Jakarta Pusat,2023,9,18.7,27.7,69.83
Jakarta Pusat,2023,10,39.9,28.48,72.16
Jakarta Pusat,2023,11,260.1,27.53,81.4
Jakarta Pusat,2023,12,179.3,27.59,79.71
Jakarta Pusat,2024,1,289.8,27.02,82.55
Jakarta Pusat,2024,2,279.8,26.93,85.31
Jakarta Pusat,2024,3,260.4,27.02,84.23
Jakarta Pusat,2024,4,261.1,27.51,85.67
Jakarta Pusat,2024,5,219.7,27.85,82.58
Jakarta Pusat,2024,6,158.8,27.22,82.1
Jakarta Pusat,2024,7,112.5,26.89,77.45
Jakarta Pusat,2024,8,37.3,27.47,74.42
Jakarta Pusat,2024,9,99.6,27.72,75.17
Jakarta Pusat,2024,10,75.5,28.18,74.77
Jakarta Pusat,2024,11,270.8,27.47,81.53
Jakarta Pusat,2024,12,274.8,27,82.52
Jakarta Utara,2021,1,453.7,25.85,86.97
Jakarta Utara,2021,2,376.9,25.91,87.86
Jakarta Utara,2021,3,193.8,26.65,84.84
Jakarta Utara,2021,4,112.6,26.87,84.53
Jakarta Utara,2021,5,159.8,27.35,84.16
Jakarta Utara,2021,6,152.5,26.62,85.93
Jakarta Utara,2021,7,43.3,26.87,80.13
Jakarta Utara,2021,8,115.5,27.05,79.71
Jakarta Utara,2021,9,163.5,27.12,81.1
Jakarta Utara,2021,10,136.2,27.2,81.32
Jakarta Utara,2021,11,241,26.71,82.73
Jakarta Utara,2021,12,259.8,26.55,84.42
Jakarta Utara,2022,1,257.1,26.38,84.06
Jakarta Utara,2022,2,191.7,26.36,83.68
Jakarta Utara,2022,3,247.9,26.79,83.55
Jakarta Utara,2022,4,180.4,26.92,83.6
Jakarta Utara,2022,5,147.1,26.97,85.03
Jakarta Utara,2022,6,186,26.17,85.73
Jakarta Utara,2022,7,128.2,26.77,82.1
Jakarta Utara,2022,8,128.7,26.58,81.9
Jakarta Utara,2022,9,156.9,26.59,82.17
Jakarta Utara,2022,10,287,26.38,84.68
Jakarta Utara,2022,11,199.9,26.52,83.73
Jakarta Utara,2022,12,249.6,26.29,84.42
Jakarta Utara,2023,1,194.5,26.32,82.65
Jakarta Utara,2023,2,347,25.77,85.57
Jakarta Utara,2023,3,237.1,26.16,85.94
Jakarta Utara,2023,4,160.4,27.13,81.57
Jakarta Utara,2023,5,128.6,27.45,82.58
Jakarta Utara,2023,6,140.8,27.07,82.33
Jakarta Utara,2023,7,66.2,27.08,76.52
Jakarta Utara,2023,8,19.3,27.34,73.65
Jakarta Utara,2023,9,18.7,27.69,69.83
Jakarta Utara,2023,10,39.9,28.47,72.16
Jakarta Utara,2023,11,260.1,27.53,81.4
Jakarta Utara,2023,12,179.3,27.59,79.71
Jakarta Utara,2024,1,289.8,27.02,82.55
Jakarta Utara,2024,2,279.8,26.93,85.31
Jakarta Utara,2024,3,260.4,27.01,84.23
Jakarta Utara,2024,4,261.1,27.51,85.67
Jakarta Utara,2024,5,219.7,27.84,82.58
Jakarta Utara,2024,6,158.8,27.21,82.1
Jakarta Utara,2024,7,112.5,26.89,77.45
Jakarta Utara,2024,8,37.3,27.47,74.42
Jakarta Utara,2024,9,99.6,27.72,75.17
Jakarta Utara,2024,10,75.5,28.17,74.77
Jakarta Utara,2024,11,270.8,27.47,81.53
Jakarta Utara,2024,12,274.8,26.99,82.52
Jakarta Barat,2021,1,455.8,25.75,87.42
Jakarta Barat,2021,2,347.3,25.86,87.82
Jakarta Barat,2021,3,196.5,26.57,84.9
Jakarta Barat,2021,4,134.5,26.78,84.6
Jakarta Barat,2021,5,174.5,27.27,84.26
Jakarta Barat,2021,6,174,26.53,86.17
Jakarta Barat,2021,7,53.1,26.77,80.23
Jakarta Barat,2021,8,154.3,26.99,79.81
Jakarta Barat,2021,9,173.7,27.01,81.4
Jakarta Barat,2021,10,157.4,27.17,80.48
Jakarta Barat,2021,11,256.6,26.59,83.03
Jakarta Barat,2021,12,275.7,26.48,84.42
Jakarta Barat,2022,1,238.4,26.27,83.97
Jakarta Barat,2022,2,195.1,26.24,83.89
Jakarta Barat,2022,3,232.5,26.72,83.52
Jakarta Barat,2022,4,197,26.89,83.17
Jakarta Barat,2022,5,145.1,26.88,84.77
Jakarta Barat,2022,6,211.4,26.06,85.33
Jakarta Barat,2022,7,132.3,26.69,81.9
Jakarta Barat,2022,8,131.2,26.53,81.35
Jakarta Barat,2022,9,191.7,26.52,81.57
Jakarta Barat,2022,10,290.8,26.3,84.9
Jakarta Barat,2022,11,247.7,26.44,83.9
Jakarta Barat,2022,12,260.8,26.21,84.48
Jakarta Barat,2023,1,189.1,26.21,82.81
Jakarta Barat,2023,2,348.8,25.65,86.11
Jakarta Barat,2023,3,258.9,26.1,85.65
Jakarta Barat,2023,4,135.1,27.09,81.03
Jakarta Barat,2023,5,145.8,27.36,82.45
Jakarta Barat,2023,6,165,26.95,82.73
Jakarta Barat,2023,7,117,26.93,78.1
Jakarta Barat,2023,8,32.6,27.2,75.35
Jakarta Barat,2023,9,31.5,27.63,70.83
Jakarta Barat,2023,10,51.1,28.45,72.58
Jakarta Barat,2023,11,291.7,27.44,82.37
Jakarta Barat,2023,12,191.9,27.54,79.74
Jakarta Barat,2024,1,335.7,26.91,83.29
Jakarta Barat,2024,2,288.7,26.83,85.69
Jakarta Barat,2024,3,283.7,26.91,84.94
Jakarta Barat,2024,4,288.2,27.43,86.13
Jakarta Barat,2024,5,226.5,27.69,83.48
Jakarta Barat,2024,6,161.1,27.11,82.93
Jakarta Barat,2024,7,117.9,26.79,78.13
Jakarta Barat,2024,8,49.1,27.35,75.87
Jakarta Barat,2024,9,128.2,27.55,76.37
Jakarta Barat,2024,10,111.1,28.08,75.58
Jakarta Barat,2024,11,271.8,27.34,82.43
Jakarta Barat,2024,12,271.8,26.82,83.42
Jakarta Selatan,2021,1,404.5,25.42,88.26
Jakarta Selatan,2021,2,442.9,25.46,89.11
Jakarta Selatan,2021,3,244,26.24,85.68
Jakarta Selatan,2021,4,201.6,26.43,85.03
Jakarta Selatan,2021,5,214.8,26.96,84.74
Jakarta Selatan,2021,6,172.6,26.17,86.87
Jakarta Selatan,2021,7,54.6,26.63,79.19
Jakarta Selatan,2021,8,170.2,26.84,78.13
Jakarta Selatan,2021,9,199.5,26.91,80
Jakarta Selatan,2021,10,157.7,27.12,79.1
Jakarta Selatan,2021,11,261.7,26.41,83.87
Jakarta Selatan,2021,12,301.5,26.15,85.97
Jakarta Selatan,2022,1,219.9,26,84.61
Jakarta Selatan,2022,2,211.3,25.93,84.54
Jakarta Selatan,2022,3,271.5,26.41,84.48
Jakarta Selatan,2022,4,254.9,26.45,85.1
Jakarta Selatan,2022,5,193.2,26.52,85.87
Jakarta Selatan,2022,6,193.2,25.79,85.87
Jakarta Selatan,2022,7,134.5,26.49,81.52
Jakarta Selatan,2022,8,126.2,26.42,80.61
Jakarta Selatan,2022,9,199.1,26.35,81.37
Jakarta Selatan,2022,10,309.1,26.09,85.45
Jakarta Selatan,2022,11,295.1,26.18,84.67
Jakarta Selatan,2022,12,348.3,25.89,85.48
Jakarta Selatan,2023,1,231.7,25.98,83.35
Jakarta Selatan,2023,2,374.5,25.46,86
Jakarta Selatan,2023,3,263.5,25.82,86.32
Jakarta Selatan,2023,4,150.1,26.85,81.73
Jakarta Selatan,2023,5,137,27.17,82.13
Jakarta Selatan,2023,6,162.1,27.05,80.57
Jakarta Selatan,2023,7,106.5,27.12,75.55
Jakarta Selatan,2023,8,31.6,27.83,70.26
Jakarta Selatan,2023,9,31.8,28.3,65.67
Jakarta Selatan,2023,10,81.2,28.95,68.48
Jakarta Selatan,2023,11,282.3,27.55,81.17
Jakarta Selatan,2023,12,177.8,27.58,79.42
Jakarta Selatan,2024,1,475.2,26.64,85.23
Jakarta Selatan,2024,2,344.2,26.7,86.41
Jakarta Selatan,2024,3,325.4,26.66,85.48
Jakarta Selatan,2024,4,292,27.25,86.67
Jakarta Selatan,2024,5,170.2,27.7,82.94
Jakarta Selatan,2024,6,146.5,26.96,83.33
Jakarta Selatan,2024,7,106.5,27.09,75.35
Jakarta Selatan,2024,8,57.1,27.92,71.35
Jakarta Selatan,2024,9,122.3,27.78,74.2
Jakarta Selatan,2024,10,108.5,28.48,71.94
Jakarta Selatan,2024,11,287.4,27.18,83.73
Jakarta Selatan,2024,12,326.2,26.82,83.16
Jakarta Timur,2021,1,398.6,25.51,87.52
Jakarta Timur,2021,2,435.3,25.51,88.68
Jakarta Timur,2021,3,280.9,26.22,86.1
Jakarta Timur,2021,4,163.9,26.52,84.83
Jakarta Timur,2021,5,184.3,27.01,84.58
Jakarta Timur,2021,6,161.2,26.28,86.53
Jakarta Timur,2021,7,51,26.62,78.9
Jakarta Timur,2021,8,108.4,26.89,77.71
Jakarta Timur,2021,9,140.7,27.15,78.67
Jakarta Timur,2021,10,157.8,27.13,80.03
Jakarta Timur,2021,11,271.7,26.45,83.57
Jakarta Timur,2021,12,320.4,26.24,85.06
Jakarta Timur,2022,1,270.7,26.04,84.68
Jakarta Timur,2022,2,199.2,26.04,84.14
Jakarta Timur,2022,3,254.5,26.52,83.87
Jakarta Timur,2022,4,232.2,26.52,84.73
Jakarta Timur,2022,5,174.7,26.65,85.35
Jakarta Timur,2022,6,189.2,25.86,85.93
Jakarta Timur,2022,7,146.8,26.59,81.1
Jakarta Timur,2022,8,145.5,26.5,80.35
Jakarta Timur,2022,9,187.7,26.45,81.3
Jakarta Timur,2022,10,323.1,26.13,85.39
Jakarta Timur,2022,11,288.2,26.31,84.13
Jakarta Timur,2022,12,332.7,25.96,85.19
Jakarta Timur,2023,1,232.3,26.07,82.97
Jakarta Timur,2023,2,374.3,25.53,85.57
Jakarta Timur,2023,3,289.9,25.85,86.32
Jakarta Timur,2023,4,153.5,26.89,81.77
Jakarta Timur,2023,5,131.1,27.23,82.29
Jakarta Timur,2023,6,142.2,27.01,81.37
Jakarta Timur,2023,7,79.6,27.06,76.23
Jakarta Timur,2023,8,28.3,27.95,69.32
Jakarta Timur,2023,9,19.3,28.4,64.93
Jakarta Timur,2023,10,68.9,29.09,68.06
Jakarta Timur,2023,11,309.2,27.52,81.2
Jakarta Timur,2023,12,173.5,27.56,80.29
Jakarta Timur,2024,1,358.4,26.81,84.03
Jakarta Timur,2024,2,324.9,26.74,86.34
Jakarta Timur,2024,3,340.6,26.75,85.39
Jakarta Timur,2024,4,353.3,27.26,87.07
Jakarta Timur,2024,5,237.2,27.71,83
Jakarta Timur,2024,6,174.7,27.01,82.97
Jakarta Timur,2024,7,97.2,26.99,75.9
Jakarta Timur,2024,8,48,27.97,70.45
Jakarta Timur,2024,9,148,27.86,73.9
Jakarta Timur,2024,10,104.3,28.42,72.97
Jakarta Timur,2024,11,271.8,27.33,82.4
Jakarta Timur,2024,12,298.3,26.96,82.26
Kepulauan Seribu,2021,1,344.2,26.81,82.26
Kepulauan Seribu,2021,2,380.4,26.72,83.68
Kepulauan Seribu,2021,3,194.7,27.47,80.71
Kepulauan Seribu,2021,4,158.1,27.8,79.47
Kepulauan Seribu,2021,5,144.6,28.1,80.68
Kepulauan Seribu,2021,6,232.4,27.5,81.7
Kepulauan Seribu,2021,7,60.2,27.88,76.71
Kepulauan Seribu,2021,8,99.5,27.83,77.13
Kepulauan Seribu,2021,9,150,27.82,77.73
Kepulauan Seribu,2021,10,114.4,28.2,76.55
Kepulauan Seribu,2021,11,248.2,27.64,79.17
Kepulauan Seribu,2021,12,307.2,27.31,81.1
Kepulauan Seribu,2022,1,297.7,27.28,80.19
Kepulauan Seribu,2022,2,200.4,27.35,79.36
Kepulauan Seribu,2022,3,158.4,27.66,80.19
Kepulauan Seribu,2022,4,176,28,78.87
Kepulauan Seribu,2022,5,210.5,28.01,79.87
Kepulauan Seribu,2022,6,199,27.46,78.7
Kepulauan Seribu,2022,7,182.3,27.72,77.87
Kepulauan Seribu,2022,8,80.1,27.58,76.94
Kepulauan Seribu,2022,9,162.5,27.64,76.87
Kepulauan Seribu,2022,10,269.7,27.26,79.94
Kepulauan Seribu,2022,11,179.1,27.36,80.4
Kepulauan Seribu,2022,12,238,27.21,80.39
Kepulauan Seribu,2023,1,236.3,27,80.61
Kepulauan Seribu,2023,2,357.2,26.76,81.86
Kepulauan Seribu,2023,3,268.4,27.11,80.81
Kepulauan Seribu,2023,4,126.8,27.99,78.63
Kepulauan Seribu,2023,5,111.2,28.49,76.68
Kepulauan Seribu,2023,6,138,28.02,78.33
Kepulauan Seribu,2023,7,76.8,27.95,75.06
Kepulauan Seribu,2023,8,16.8,27.82,75.06
Kepulauan Seribu,2023,9,13.1,27.94,72.47
Kepulauan Seribu,2023,10,22.8,28.66,74.84
Kepulauan Seribu,2023,11,221.3,28.2,79.3
Kepulauan Seribu,2023,12,144.1,28.3,77.32
Kepulauan Seribu,2024,1,450.9,27.78,81.29
Kepulauan Seribu,2024,2,341.4,27.7,82.17
Kepulauan Seribu,2024,3,295.3,27.96,81.58
Kepulauan Seribu,2024,4,226.7,28.42,81.4
Kepulauan Seribu,2024,5,192.1,28.95,77.94
Kepulauan Seribu,2024,6,174,28.25,78.37
Kepulauan Seribu,2024,7,107.5,28.05,74.29
Kepulauan Seribu,2024,8,26.2,28.22,73.71
Kepulauan Seribu,2024,9,74.2,28.32,74.67
Kepulauan Seribu,2024,10,53.8,28.85,74.06
Kepulauan Seribu,2024,11,186.5,28.18,79.07
Kepulauan Seribu,2024,12,390,27.76,81.29