Kabupaten/Kota,Jumlah Penduduk (Ribu),Laju Pertumbuhan Penduduk per Tahun,Persentase Penduduk,Kepadatan Penduduk per km persegi (Km2),Rasio Jenis Kelamin Penduduk,tahun
Kepulauan Seribu,28.2,2.24,0.27,2774,102.1,2021
Jakarta Selatan,2233.8,0.4,21.05,14475,101.1,2021
Jakarta Timur,3056.3,0.8,28.81,16729,101,2021
Jakarta Pusat,1066.5,1.14,10.05,20360,103.2,2021
Jakarta Barat,2440.1,0.29,23,19608,101.5,2021
Jakarta Utara,1784.8,0.41,16.82,12749,102.2,2021
DKI Jakarta,10609.7,0.57,100,15978,101.5,2021
Kepulauan Seribu,28.9,2.43,0.27,2841,101.9,2022
Jakarta Selatan,2244.6,0.48,21.02,14545,100.9,2022
Jakarta Timur,3083.9,0.9,28.87,16879,100.8,2022
Jakarta Pusat,1080,1.27,10.11,20618,103.1,2022
Jakarta Barat,2449,0.36,22.93,19680,101.3,2022
Jakarta Utara,1793.6,0.49,16.79,12812,102,2022
DKI Jakarta,10680,0.66,10000,16084,101.4,2022
Kepulauan Seribu,28.5,1.01,0.27,2659,100.6,2023
Jakarta Selatan,2235.6,0.14,20.95,15424,100.9,2023
Jakarta Timur,3079.6,0.51,28.86,16598,100.8,2023
Jakarta Pusat,1049.3,-0.26,9.83,22061,103,2023
Jakarta Barat,2470.1,0.53,23.14,19760,101.3,2023
Jakarta Utara,1809,0.61,16.95,12288,101.9,2023
DKI Jakarta,10672.1,0.38,100,16146,101.3,2023
,,,,,,2023
Catatan,,,,,,2023
Hasil Proyeksi Penduduk Indonesia 2020–2050 Hasil Sensus Penduduk 2020 (Pertengahan tahun/Juni),,,,,,2023
Laju pertumbuhan penduduk dihitung berdasarkan penduduk tahun 2020 (September) dibandingkan dengan proyeksi penduduk tahun 2023 (Juni),,,,,,2023
Kepulauan Seribu,28.8,1,0.27,2686,100,2024
Jakarta Selatan,2230.7,0.05,20.88,15390,100.7,2024
Jakarta Timur,3086,0.43,28.88,16633,100.5,2024
Jakarta Pusat,1044.3,-0.32,9.77,21955,102.7,2024
Jakarta Barat,2479.6,0.49,23.21,19837,101.1,2024
Jakarta Utara,1815.6,0.54,16.99,12333,101.7,2024
DKI Jakarta,10684.9,0.31,100,16165,101.1,2024
,,,,,,2024
Catatan,,,,,,2024
Hasil Proyeksi Penduduk Indonesia 2020–2050 Hasil Sensus Penduduk 2020 (Pertengahan tahun/Juni),,,,,,2024
Laju pertumbuhan penduduk dihitung berdasarkan penduduk tahun 2020 (September) dibandingkan dengan proyeksi penduduk tahun 2023 (Juni),,,,,,2024